{
  "orchestrator.mjs": 1775920851.2962472,
  "config/constants.mjs": 1774282428.8672676,
  "config/env.mjs": 1776687974.491351,
  "graph/kuzu-queries.mjs": 1776107188.058801,
  "graph/kuzu-sync.mjs": 1775920671.0343306,
  "graph/relations.mjs": 1773772382.3425474,
  "graph/kuzu-init.mjs": 1775611731.5182514,
  "docs/07-api/jsdoc/scripts/collapse.js": 1762991264.3457716,
  "docs/07-api/jsdoc/scripts/polyfill.js": 1762991264.3459473,
  "docs/07-api/jsdoc/scripts/linenumber.js": 1762991264.34582,
  "docs/07-api/jsdoc/scripts/search.js": 1762991264.34598,
  "docs/07-api/jsdoc/scripts/nav.js": 1762991264.3459287,
  "docs/07-api/jsdoc/scripts/commonNav.js": 1762991264.3458023,
  "docs/07-api/jsdoc/scripts/prettify/lang-css.js": 1762991264.3459523,
  "docs/07-api/jsdoc/scripts/prettify/prettify.js": 1762991264.3459668,
  "processors/relink-processor.mjs": 1774876159.4691787,
  "processors/word-processor.mjs": 1773342477.1142743,
  "processors/markdown-processor.mjs": 1773772346.0270987,
  "processors/mermaid-processor.mjs": 1773369697.3044317,
  "processors/pdf-processor.mjs": 1773342477.0986962,
  "processors/tree-processor.mjs": 1774876159.469688,
  "processors/keyword-processor.mjs": 1773773362.2165759,
  "processors/obsolescence-detector.mjs": 1776691469.459633,
  "daemon/scheduler.mjs": 1776691793.922538,
  "daemon/ingestion.mjs": 1774567738.5173059,
  "daemon/registry-lock.mjs": 1773683951.460289,
  "daemon/hooks.mjs": 1773773130.1376302,
  "daemon/watcher.mjs": 1774444333.9284215,
  "daemon/mcp-server.mjs": 1776107453.3356009,
  "daemon/server.mjs": 1776698117.177975,
  "scripts/generate-tree-schema.mjs": 1762615987.6168218,
  "scripts/propagate-org-fixes.mjs": 1774282693.6098511,
  "scripts/smoke-test-kuzu-queries.mjs": 1776107229.7816293,
  "scripts/fix-github-org-references.mjs": 1774282699.5417287,
  "scripts/rebuild-kuzu-graph.mjs": 1775957108.2352662,
  "scripts/validate-custom-errors.mjs": 1763958754.2563279,
  "scripts/fix-markdown.mjs": 1774282651.861356,
  "scripts/propagate-lint-rules.mjs": 1774282687.2971067,
  "scripts/validate-timestamps.mjs": 1762418133.841063,
  "scripts/setup-cron.mjs": 1762425097.5840964,
  "scripts/index-markdown.mjs": 1762418132.7973514,
  "scripts/scan-all-repos.mjs": 1774282730.1536913,
  "scripts/kuzu-smoke-test.mjs": 1775611419.8111684,
  "scripts/fix-custom-errors.mjs": 1774282657.7943974,
  "scripts/watch-and-index.mjs": 1774282730.1862738,
  "scripts/scan/enhanced-scanner.mjs": 1774282730.1715057,
  "scripts/db/init-database.mjs": 1762554209.9453626,
  "scripts/db/reset-database.mjs": 1773763007.8491218,
  "scripts/db/migrate.mjs": 1773770019.0018175,
  "scripts/db/query-utils.mjs": 1762554692.2915335,
  "scripts/db/backfill/backfill-classifications.mjs": 1773770003.9818048,
  "scripts/db/backfill/backfill-summaries.mjs": 1773764603.8323112,
  "README.md": 1774876159.4559002,
  "SETUP-COMPLETE.md": 1774876159.4561727,
  "AGENTS.md": 1774876159.4556482,
  "CLAUDE.md": 1776688039.1554947,
  "docs/USE-FIGMA-TOOL-GUIDE.md": 1774876159.466564,
  "docs/MARKDOWN-ERROR-PATTERNS.md": 1774876195.885244,
  "docs/SERVICE-REGISTRY.md": 1774876159.46578,
  "docs/PHASE-2-COMPLETION-SUMMARY.md": 1774876159.4637609,
  "docs/PORT-REGISTRY.md": 1774876159.463993,
  "docs/PROPAGATION-COMPLETE-SUMMARY.md": 1774876159.4644897,
  "docs/AGENT-QUICK-REFERENCE.md": 1774876159.4575176,
  "docs/TOOLING-SETUP-COMPLETE.md": 1774876159.4661107,
  "docs/DIAGRAM-WORKFLOW.md": 1774876159.459731,
  "docs/CRON-SETUP.md": 1774876159.4581597,
  "docs/DOCKER-USAGE.md": 1774876159.4600651,
  "docs/QUICK-START.md": 1774876159.464889,
  "docs/CUSTOM-ERROR-VALIDATION-GUIDE.md": 1774876159.4589398,
  "docs/CONVERSATION-2025-11-07-DOCUMIND-DESIGN.md": 1774876159.4578135,
  "docs/ROOTDISPATCHER-NOTIFICATION.md": 1774876159.4655242,
  "docs/PHASE-1-COMPLETION-REPORT.md": 1774876159.4634085,
  "docs/GLOSSIAAPP-MIGRATION-GUIDE.md": 1774876159.4611099,
  "docs/MIGRATION-AND-INVITATION-STEPS.md": 1774876159.462631,
  "docs/DIAGRAM-REGISTRY-AUDIT.md": 1774876159.4592266,
  "docs/FIGMA-MCP-FEATURE-REQUEST.md": 1774876159.4605062,
  "docs/CUSTOM-ERROR-SYSTEM-PROGRESS.md": 1774876159.458434,
  "docs/GITHUB-ORGANIZATION-AUDIT-REPORT.md": 1774876159.4607964,
  "docs/MD-VS-MDX-USAGE-GUIDE.md": 1775919823.3455858,
  "docs/LINEAR-INTEGRATION-NOTICE.md": 1774876159.4613833,
  "docs/USAGE-GUIDE.md": 1774919600.0068645,
  "docs/ORGANIZATION-NAMING-FIX-SUMMARY.md": 1774876159.463119,
  "docs/ONBOARDING.md": 1774876159.46286,
  "docs/REPOSITORY-STRUCTURE.txt": 1762615989.1208863,
  "docs/USER-INVITATION-GUIDE.md": 1774876159.4668736,
  "docs/RECOMMENDED-TOOLING-ADDITIONS.md": 1774876159.465252,
  "docs/MARKDOWN-FORMATTING-STANDARDS.md": 1774876159.4621897,
  "docs/07-api/jsdoc/scripts/prettify/Apache-License-2.0.txt": 1762991264.3460214,
  "docs/diagrams/DIAGRAM-REGISTRY.md": 1774876206.5818684,
  "docs/07-api/jsdoc/fonts/Source-Sans-Pro/sourcesanspro-regular-webfont.svg": 1762991264.3469758,
  "docs/07-api/jsdoc/fonts/Source-Sans-Pro/sourcesanspro-light-webfont.svg": 1762991264.346438,
  "docs/diagrams/documind-workflow.png": 1763958436.173269
}